Producto - Descripción,Cliente - Descripción,Fecha_Pronostico,Pronostico_Pedidos,Pronostico_Min,Pronostico_Max
ANALGESICO + ANTIPERETICO TABLETAS 1,Cliente 1,2025-10-01,391814.92353966396,133528.91528501123,649632.0009138122
ANALGESICO + ANTIPERETICO TABLETAS 1,Cliente 1,2025-11-01,372597.3317904878,105468.7882368248,631095.8412629652
ANALGESICO + ANTIPERETICO TABLETAS 1,Cliente 1,2025-12-01,305209.1913958388,59563.491603170696,550644.3723815924
ANALGESICO + ANTIPERETICO TABLETAS 1,Cliente 1,2026-01-01,382583.20749578724,124743.7238172754,637973.0714862939
ANALGESICO + ANTIPERETICO TABLETAS 1,Cliente 1,2026-02-01,526308.1027975657,272682.8028429736,771280.0981457778
ANALGESICO + ANTIPERETICO TABLETAS 1,Cliente 1,2026-03-01,346339.5774998405,97952.07010566283,609556.6764914793
ANALGESICO + ANTIPERETICO TABLETAS 1,Cliente 1,2026-04-01,312446.1410272162,67694.58832173128,554641.5149002511
ANALGESICO + ANTIPERETICO TABLETAS 1,Cliente 1,2026-05-01,332417.02528045303,99845.15562371607,576130.8145530551
ANALGESICO + ANTIPERETICO TABLETAS 1,Cliente 1,2026-06-01,319931.63105726836,84544.3382894381,561141.1941367018
ANALGESICO + ANTIPERETICO TABLETAS 1,Cliente 1,2026-07-01,359097.0783112649,84600.7375562114,611579.1369196723
ANALGESICO + ANTIPERETICO TABLETAS 1,Cliente 1,2026-08-01,396704.00158172695,151089.34660851338,638356.5947177003
ANALGESICO + ANTIPERETICO TABLETAS 1,Cliente 1,2026-09-01,375720.5673930084,119032.50868954648,608084.9126970938
ANALGESICO + ANTIPERETICO TABLETAS 1,Cliente 2,2025-10-01,135686.7137034656,-9676.538174188623,279464.5464941031
ANALGESICO + ANTIPERETICO TABLETAS 1,Cliente 2,2025-11-01,278698.21463825565,129331.70738576735,417040.5615649499
ANALGESICO + ANTIPERETICO TABLETAS 1,Cliente 2,2025-12-01,187452.82958643098,51134.11557514899,325724.61624231405
ANALGESICO + ANTIPERETICO TABLETAS 1,Cliente 2,2026-01-01,182437.54528937378,48785.70825785908,329196.10480445815
ANALGESICO + ANTIPERETICO TABLETAS 1,Cliente 2,2026-02-01,79769.41674708598,-70064.34241864433,229923.68476803091
ANALGESICO + ANTIPERETICO TABLETAS 1,Cliente 2,2026-03-01,247589.2111100202,105934.59606377405,384658.855200721
ANALGESICO + ANTIPERETICO TABLETAS 1,Cliente 2,2026-04-01,183311.36091317257,41361.902072155084,336475.9631224174
ANALGESICO + ANTIPERETICO TABLETAS 1,Cliente 2,2026-05-01,102974.6836049121,-32603.8966908474,241936.28515368234
ANALGESICO + ANTIPERETICO TABLETAS 1,Cliente 2,2026-06-01,88340.94722384316,-54910.95288944265,228375.946494832
ANALGESICO + ANTIPERETICO TABLETAS 1,Cliente 2,2026-07-01,132080.5778088547,-5733.922754487328,278076.4157962647
ANALGESICO + ANTIPERETICO TABLETAS 1,Cliente 2,2026-08-01,181203.70734381644,36332.93440012036,319302.6073779127
ANALGESICO + ANTIPERETICO TABLETAS 1,Cliente 2,2026-09-01,95615.56804229706,-48165.65518395501,236781.88805300553
ANALGESICO + ANTIPERETICO TABLETAS 1,Cliente 3,2025-10-01,269405.47474872274,-48408.048140338266,574197.3930345776
ANALGESICO + ANTIPERETICO TABLETAS 1,Cliente 3,2025-11-01,362383.1721280563,62357.40337451749,662136.0527913355
ANALGESICO + ANTIPERETICO TABLETAS 1,Cliente 3,2025-12-01,126406.73320991837,-167900.6846447031,408184.36743441934
ANALGESICO + ANTIPERETICO TABLETAS 1,Cliente 3,2026-01-01,312531.9821379054,23315.391156729343,630936.748906502
ANALGESICO + ANTIPERETICO TABLETAS 1,Cliente 3,2026-02-01,256446.4678065785,-10669.123988023272,570388.8023089095
ANALGESICO + ANTIPERETICO TABLETAS 1,Cliente 3,2026-03-01,191481.09058050415,-96636.40312083262,474090.3559270456
ANALGESICO + ANTIPERETICO TABLETAS 1,Cliente 3,2026-04-01,149408.87734693108,-140572.63721048523,453994.2081187094
ANALGESICO + ANTIPERETICO TABLETAS 1,Cliente 3,2026-05-01,90880.1238378663,-189276.00639465122,378661.4899354261
ANALGESICO + ANTIPERETICO TABLETAS 1,Cliente 3,2026-06-01,418562.86955747835,134862.84141350072,730711.4108404808
ANALGESICO + ANTIPERETICO TABLETAS 1,Cliente 3,2026-07-01,359384.45812911354,73280.31519087039,661660.1244945813
ANALGESICO + ANTIPERETICO TABLETAS 1,Cliente 3,2026-08-01,243734.64437725238,-69818.4583269094,564658.4644829682
ANALGESICO + ANTIPERETICO TABLETAS 1,Cliente 3,2026-09-01,122672.66141479486,-175480.3794330724,438268.07767689356
ANALGESICO + ANTIPERETICO TABLETAS 1,Cliente 5,2025-10-01,139506.56063628086,53780.216451327746,220914.94261669763
ANALGESICO + ANTIPERETICO TABLETAS 1,Cliente 5,2025-11-01,114281.4601256804,31561.64833660501,192361.81995373688
ANALGESICO + ANTIPERETICO TABLETAS 1,Cliente 5,2025-12-01,117921.11988416428,34471.55621278267,196518.28740826488
ANALGESICO + ANTIPERETICO TABLETAS 1,Cliente 5,2026-01-01,125609.35709689521,38654.734589730964,205215.91539311977
ANALGESICO + ANTIPERETICO TABLETAS 1,Cliente 5,2026-02-01,77407.0938277573,-7392.082084128428,158654.36752006726
ANALGESICO + ANTIPERETICO TABLETAS 1,Cliente 5,2026-03-01,88482.00325963832,1946.091866101755,172689.8855139332
ANALGESICO + ANTIPERETICO TABLETAS 1,Cliente 5,2026-04-01,88683.36555111267,3922.497224424016,174135.71309515758
ANALGESICO + ANTIPERETICO TABLETAS 1,Cliente 5,2026-05-01,108915.89553217533,23499.545021613474,184927.27659408568
ANALGESICO + ANTIPERETICO TABLETAS 1,Cliente 5,2026-06-01,123595.48448931011,39614.16281205162,209911.22690171062
ANALGESICO + ANTIPERETICO TABLETAS 1,Cliente 5,2026-07-01,90940.69531057774,5292.301640557483,172542.79870185096
ANALGESICO + ANTIPERETICO TABLETAS 1,Cliente 5,2026-08-01,102479.39379611694,15524.382017072336,188674.51239264128
ANALGESICO + ANTIPERETICO TABLETAS 1,Cliente 5,2026-09-01,92257.84334709181,9274.066317648272,179104.87175961502
ANALGESICO + ANTIPERETICO TABLETAS 1,Cliente Otros,2025-10-01,198541.38579203573,119919.03947123277,274213.3938241522
ANALGESICO + ANTIPERETICO TABLETAS 1,Cliente Otros,2025-11-01,128983.6489681554,51273.834925237454,204436.32885735264
ANALGESICO + ANTIPERETICO TABLETAS 1,Cliente Otros,2025-12-01,110348.442300919,34540.39248963309,184532.80690416385
ANALGESICO + ANTIPERETICO TABLETAS 1,Cliente Otros,2026-01-01,210588.67027169035,133799.86980154246,290888.5099263839
ANALGESICO + ANTIPERETICO TABLETAS 1,Cliente Otros,2026-02-01,195900.2415414382,123349.0254509435,271752.9252019601
ANALGESICO + ANTIPERETICO TABLETAS 1,Cliente Otros,2026-03-01,133848.33684058263,55729.89924038884,205722.57148490244
ANALGESICO + ANTIPERETICO TABLETAS 1,Cliente Otros,2026-04-01,122507.63328317358,41568.08767254357,199327.19216082513
ANALGESICO + ANTIPERETICO TABLETAS 1,Cliente Otros,2026-05-01,137676.85345864407,58586.59510440446,211322.2663086036
ANALGESICO + ANTIPERETICO TABLETAS 1,Cliente Otros,2026-06-01,179633.2554452181,105283.54385704537,256495.4772659586
ANALGESICO + ANTIPERETICO TABLETAS 1,Cliente Otros,2026-07-01,119736.28955037685,40113.2730743139,200446.67407734276
ANALGESICO + ANTIPERETICO TABLETAS 1,Cliente Otros,2026-08-01,180834.9398929748,101931.84063346824,253131.1799347938
ANALGESICO + ANTIPERETICO TABLETAS 1,Cliente Otros,2026-09-01,168468.87964846517,96020.23333200612,251799.5284794174
ANALGESICO + ANTIPERETICO TABLETAS 2,Cliente 1,2025-10-01,263888.98180158273,-21848.149387751928,542321.9370735155
ANALGESICO + ANTIPERETICO TABLETAS 2,Cliente 1,2025-11-01,321016.51013658545,57743.34942307111,621618.6162859738
ANALGESICO + ANTIPERETICO TABLETAS 2,Cliente 1,2025-12-01,244992.4659164519,-65631.98126283877,529119.637806116
ANALGESICO + ANTIPERETICO TABLETAS 2,Cliente 1,2026-01-01,331907.08258029673,57579.95748372766,615749.5013280398
ANALGESICO + ANTIPERETICO TABLETAS 2,Cliente 1,2026-02-01,566592.1185784289,280052.30111505283,842503.1376437434
ANALGESICO + ANTIPERETICO TABLETAS 2,Cliente 1,2026-03-01,275967.6598541821,12741.426557484912,556072.433500197
ANALGESICO + ANTIPERETICO TABLETAS 2,Cliente 1,2026-04-01,310751.7796769879,22590.55569649419,580863.3468485948
ANALGESICO + ANTIPERETICO TABLETAS 2,Cliente 1,2026-05-01,210707.6289161741,-84291.05007715723,495176.5795592774
ANALGESICO + ANTIPERETICO TABLETAS 2,Cliente 1,2026-06-01,177189.15984669203,-115053.83529707158,479236.61171272834
ANALGESICO + ANTIPERETICO TABLETAS 2,Cliente 1,2026-07-01,211171.06461343734,-67620.34790599611,520039.0286411051
ANALGESICO + ANTIPERETICO TABLETAS 2,Cliente 1,2026-08-01,316166.6876469417,2291.6027324312754,588298.303342363
ANALGESICO + ANTIPERETICO TABLETAS 2,Cliente 1,2026-09-01,282022.0800971579,-9739.116850854514,556221.7857668338
ANALGESICO + ANTIPERETICO TABLETAS 2,Cliente 2,2025-10-01,143198.00100459123,-80379.61867839814,362625.1725154023
ANALGESICO + ANTIPERETICO TABLETAS 2,Cliente 2,2025-11-01,187431.59731654523,-29145.734542688897,395503.13060425804
ANALGESICO + ANTIPERETICO TABLETAS 2,Cliente 2,2025-12-01,187641.80780347844,-27486.77636576119,410125.4448228359
ANALGESICO + ANTIPERETICO TABLETAS 2,Cliente 2,2026-01-01,215740.04883504467,-1717.9077358968482,427868.15195756603
ANALGESICO + ANTIPERETICO TABLETAS 2,Cliente 2,2026-02-01,187389.15769510972,-34255.00876450198,404453.9379331754
ANALGESICO + ANTIPERETICO TABLETAS 2,Cliente 2,2026-03-01,317236.3178144599,107809.93451706773,528376.0295118415
ANALGESICO + ANTIPERETICO TABLETAS 2,Cliente 2,2026-04-01,271656.17161249387,44874.38895358361,485414.8393690326
ANALGESICO + ANTIPERETICO TABLETAS 2,Cliente 2,2026-05-01,97509.10661916761,-103069.67886200776,317915.60822529875
ANALGESICO + ANTIPERETICO TABLETAS 2,Cliente 2,2026-06-01,132642.8856108798,-77285.5557387951,349558.1778172234
ANALGESICO + ANTIPERETICO TABLETAS 2,Cliente 2,2026-07-01,113414.59880347847,-91180.92770678019,324605.9280296784
ANALGESICO + ANTIPERETICO TABLETAS 2,Cliente 2,2026-08-01,172777.7142974449,-47695.98710005157,390946.9375879003
ANALGESICO + ANTIPERETICO TABLETAS 2,Cliente 2,2026-09-01,175567.6232118386,-42532.746985496255,378148.92303581256
ANALGESICO + ANTIPERETICO TABLETAS 2,Cliente 3,2025-10-01,286505.9401389263,-72626.54496615374,652713.6493647557
ANALGESICO + ANTIPERETICO TABLETAS 2,Cliente 3,2025-11-01,345776.42319886945,-31331.88621826012,730995.8450701713
ANALGESICO + ANTIPERETICO TABLETAS 2,Cliente 3,2025-12-01,239668.35679309187,-137253.77693209593,616568.5229758557
ANALGESICO + ANTIPERETICO TABLETAS 2,Cliente 3,2026-01-01,472927.49598732404,115850.818465844,856052.7487790162
ANALGESICO + ANTIPERETICO TABLETAS 2,Cliente 3,2026-02-01,281548.8527638743,-57670.26533468331,667737.3849081693
ANALGESICO + ANTIPERETICO TABLETAS 2,Cliente 3,2026-03-01,175571.55169770573,-167028.70407359893,544128.6669407364
ANALGESICO + ANTIPERETICO TABLETAS 2,Cliente 3,2026-04-01,67997.58192681885,-314961.14880328364,447193.81724828586
ANALGESICO + ANTIPERETICO TABLETAS 2,Cliente 3,2026-05-01,29685.16441032014,-346774.9527994616,406742.74075485993
ANALGESICO + ANTIPERETICO TABLETAS 2,Cliente 3,2026-06-01,221856.55127197134,-145006.6424964658,600343.2753786495
ANALGESICO + ANTIPERETICO TABLETAS 2,Cliente 3,2026-07-01,272403.88708032394,-114592.9946881664,638257.4160508795
ANALGESICO + ANTIPERETICO TABLETAS 2,Cliente 3,2026-08-01,246143.29215740063,-141819.33579129085,624788.9626036257
ANALGESICO + ANTIPERETICO TABLETAS 2,Cliente 3,2026-09-01,123967.78549367125,-260865.6450365611,490051.32356747414
ANALGESICO + ANTIPERETICO TABLETAS 2,Cliente 5,2025-10-01,124687.5318540909,68538.63947466692,185943.03736888902
ANALGESICO + ANTIPERETICO TABLETAS 2,Cliente 5,2025-11-01,71925.00361849873,8752.293284280677,133527.17048933974
ANALGESICO + ANTIPERETICO TABLETAS 2,Cliente 5,2025-12-01,98867.94883021813,43135.270471059084,163581.91878208166
ANALGESICO + ANTIPERETICO TABLETAS 2,Cliente 5,2026-01-01,107987.95447961603,45872.978332529514,168209.36072938165
ANALGESICO + ANTIPERETICO TABLETAS 2,Cliente 5,2026-02-01,40590.57669455666,-16821.16413989383,101939.45447636727
ANALGESICO + ANTIPERETICO TABLETAS 2,Cliente 5,2026-03-01,84472.44601620754,21523.73794177979,145116.55630561913
ANALGESICO + ANTIPERETICO TABLETAS 2,Cliente 5,2026-04-01,72046.23648182834,11833.288074665055,131591.66956788942
ANALGESICO + ANTIPERETICO TABLETAS 2,Cliente 5,2026-05-01,82773.11943348103,22099.125208699184,144091.8377858208
ANALGESICO + ANTIPERETICO TABLETAS 2,Cliente 5,2026-06-01,82341.19115293804,24718.168723814782,145958.04533046603
ANALGESICO + ANTIPERETICO TABLETAS 2,Cliente 5,2026-07-01,33838.75454232376,-24671.071081117425,89524.03191815331
ANALGESICO + ANTIPERETICO TABLETAS 2,Cliente 5,2026-08-01,73356.3001245299,13745.682601332865,130035.86664395375
ANALGESICO + ANTIPERETICO TABLETAS 2,Cliente 5,2026-09-01,52860.08534052068,-5828.666208792543,113279.26089650724
ANALGESICO + ANTIPERETICO TABLETAS 2,Cliente Otros,2025-10-01,173036.21732680436,69087.65457520017,272639.690426935
ANALGESICO + ANTIPERETICO TABLETAS 2,Cliente Otros,2025-11-01,101152.68245079859,4981.057696089051,194690.35791585327
ANALGESICO + ANTIPERETICO TABLETAS 2,Cliente Otros,2025-12-01,69968.5093834685,-30191.122780610538,171117.47868254682
ANALGESICO + ANTIPERETICO TABLETAS 2,Cliente Otros,2026-01-01,184326.7683954806,86546.62022298745,277346.83950012946
ANALGESICO + ANTIPERETICO TABLETAS 2,Cliente Otros,2026-02-01,154875.4599738749,58767.90554975712,245267.3220583447
ANALGESICO + ANTIPERETICO TABLETAS 2,Cliente Otros,2026-03-01,118861.51217909637,26662.431825795087,219011.88021472673
ANALGESICO + ANTIPERETICO TABLETAS 2,Cliente Otros,2026-04-01,89261.37765537182,-623.7360526106818,184272.3365385401
ANALGESICO + ANTIPERETICO TABLETAS 2,Cliente Otros,2026-05-01,79540.13134335596,-21978.512951785993,179478.71519191234
ANALGESICO + ANTIPERETICO TABLETAS 2,Cliente Otros,2026-06-01,129320.39772431728,35675.03840603009,224552.5003621372
ANALGESICO + ANTIPERETICO TABLETAS 2,Cliente Otros,2026-07-01,88198.68248795564,-11693.409233518269,189148.0037593618
ANALGESICO + ANTIPERETICO TABLETAS 2,Cliente Otros,2026-08-01,110620.90418789934,9142.964880543384,208072.68947913765
ANALGESICO + ANTIPERETICO TABLETAS 2,Cliente Otros,2026-09-01,100019.78243703282,3176.405565466518,196215.90499894318
ANTIBIOTICO + ANTIFUNGICO CREMA,Cliente 1,2025-10-01,1288105.7575916073,-647851.605542836,3222390.9835182293
ANTIBIOTICO + ANTIFUNGICO CREMA,Cliente 1,2025-11-01,1393664.4249339637,-373755.4131365428,3414707.8473760933
ANTIBIOTICO + ANTIFUNGICO CREMA,Cliente 1,2025-12-01,824562.4308210801,-1131311.963961324,2666998.943825415
ANTIBIOTICO + ANTIFUNGICO CREMA,Cliente 1,2026-01-01,2048267.3843615223,-222.68819561906525,3980125.926870183
ANTIBIOTICO + ANTIFUNGICO CREMA,Cliente 1,2026-02-01,1041749.0835945122,-867963.4439699556,3048082.4562697737
ANTIBIOTICO + ANTIFUNGICO CREMA,Cliente 1,2026-03-01,1910940.7619448658,-38359.77257790714,3829622.1418236787
ANTIBIOTICO + ANTIFUNGICO CREMA,Cliente 1,2026-04-01,1967813.1826060335,41270.46521699896,3915228.340843628
ANTIBIOTICO + ANTIFUNGICO CREMA,Cliente 1,2026-05-01,491686.3324968909,-1354878.9183109382,2377536.8464436396
ANTIBIOTICO + ANTIFUNGICO CREMA,Cliente 1,2026-06-01,579949.6954082681,-1349645.2733560875,2500921.181117598
ANTIBIOTICO + ANTIFUNGICO CREMA,Cliente 1,2026-07-01,1362839.0842600293,-671996.4901756645,3394264.602669854
ANTIBIOTICO + ANTIFUNGICO CREMA,Cliente 1,2026-08-01,762355.0526257318,-1183603.750810433,2571833.7138591665
ANTIBIOTICO + ANTIFUNGICO CREMA,Cliente 1,2026-09-01,1416202.8110195037,-407497.91032993933,3393958.217853668
ANTIBIOTICO + ANTIFUNGICO CREMA,Cliente 2,2025-10-01,624492.0324449528,-232876.2153505852,1426153.743649802
ANTIBIOTICO + ANTIFUNGICO CREMA,Cliente 2,2025-11-01,457154.3761009553,-393645.1578936749,1299129.2589139862
ANTIBIOTICO + ANTIFUNGICO CREMA,Cliente 2,2025-12-01,794092.9332802477,-100480.82319279746,1606692.7458338565
ANTIBIOTICO + ANTIFUNGICO CREMA,Cliente 2,2026-01-01,501571.7032696245,-331430.6519131131,1369843.5128891582
ANTIBIOTICO + ANTIFUNGICO CREMA,Cliente 2,2026-02-01,714017.5451538231,-137715.38071792512,1530607.0306351867
ANTIBIOTICO + ANTIFUNGICO CREMA,Cliente 2,2026-03-01,816249.5578831201,-83355.57582225955,1686222.4520831103
ANTIBIOTICO + ANTIFUNGICO CREMA,Cliente 2,2026-04-01,819354.4725591945,441.0224711965908,1684522.5231085503
ANTIBIOTICO + ANTIFUNGICO CREMA,Cliente 2,2026-05-01,222065.6707036177,-659248.8103694865,1027433.7770530999
ANTIBIOTICO + ANTIFUNGICO CREMA,Cliente 2,2026-06-01,456713.3990702668,-385898.8045628434,1287176.4809953058
ANTIBIOTICO + ANTIFUNGICO CREMA,Cliente 2,2026-07-01,701726.8796049659,-198675.71831833103,1519194.2616539944
ANTIBIOTICO + ANTIFUNGICO CREMA,Cliente 2,2026-08-01,249736.96310709196,-581999.3353403214,1159770.5359791466
ANTIBIOTICO + ANTIFUNGICO CREMA,Cliente 2,2026-09-01,338899.8579838465,-502684.48602513166,1135390.4342872843
ANTIBIOTICO + ANTIFUNGICO CREMA,Cliente 3,2025-10-01,1856131.6306313812,-1206187.0559427235,4790294.029025938
ANTIBIOTICO + ANTIFUNGICO CREMA,Cliente 3,2025-11-01,2588951.1830046256,-179227.74639493876,5486527.5547967525
ANTIBIOTICO + ANTIFUNGICO CREMA,Cliente 3,2025-12-01,105152.48486383213,-2615496.085175453,3142035.9507419784
ANTIBIOTICO + ANTIFUNGICO CREMA,Cliente 3,2026-01-01,2661730.0400606534,-323124.872800679,5512562.30276963
ANTIBIOTICO + ANTIFUNGICO CREMA,Cliente 3,2026-02-01,547177.8489359333,-2260592.917972973,3357046.6190354056
ANTIBIOTICO + ANTIFUNGICO CREMA,Cliente 3,2026-03-01,146153.28015684825,-2605323.08034354,2973420.751304476
ANTIBIOTICO + ANTIFUNGICO CREMA,Cliente 3,2026-04-01,3348606.13122683,299115.1699928599,6278156.343644983
ANTIBIOTICO + ANTIFUNGICO CREMA,Cliente 3,2026-05-01,46179.38547018496,-2906333.5565094273,2979502.715545766
ANTIBIOTICO + ANTIFUNGICO CREMA,Cliente 3,2026-06-01,299838.4999430132,-2289626.206350303,3057014.1049915934
ANTIBIOTICO + ANTIFUNGICO CREMA,Cliente 3,2026-07-01,1694158.7837005435,-1174799.8747030376,4492041.318497159
ANTIBIOTICO + ANTIFUNGICO CREMA,Cliente 3,2026-08-01,1481250.8368912805,-1309846.1512852022,4172335.0343738706
ANTIBIOTICO + ANTIFUNGICO CREMA,Cliente 3,2026-09-01,656520.3965546829,-2168591.4170726473,3520957.6470916667
ANTIBIOTICO + ANTIFUNGICO CREMA,Cliente 5,2025-10-01,822736.1735702021,318692.1391874359,1366412.1223716584
ANTIBIOTICO + ANTIFUNGICO CREMA,Cliente 5,2025-11-01,414260.0143643328,-125518.83495561192,931913.2430533378
ANTIBIOTICO + ANTIFUNGICO CREMA,Cliente 5,2025-12-01,1121432.7400664599,575950.9427737563,1662996.7025614977
ANTIBIOTICO + ANTIFUNGICO CREMA,Cliente 5,2026-01-01,762104.9356779244,230473.29988799954,1296188.3303313984
ANTIBIOTICO + ANTIFUNGICO CREMA,Cliente 5,2026-02-01,728422.917161566,218463.68684726112,1279596.100310773
ANTIBIOTICO + ANTIFUNGICO CREMA,Cliente 5,2026-03-01,885331.5188343399,344962.5329714851,1403928.295393154
ANTIBIOTICO + ANTIFUNGICO CREMA,Cliente 5,2026-04-01,697803.0308353038,163496.50239277486,1222370.797419251
ANTIBIOTICO + ANTIFUNGICO CREMA,Cliente 5,2026-05-01,1164534.5710703093,682167.4423824634,1676387.866990454
ANTIBIOTICO + ANTIFUNGICO CREMA,Cliente 5,2026-06-01,1044771.0583178888,496115.9273288426,1552699.0900807576
ANTIBIOTICO + ANTIFUNGICO CREMA,Cliente 5,2026-07-01,1026926.2362098051,483996.5736581924,1557922.4375436315
ANTIBIOTICO + ANTIFUNGICO CREMA,Cliente 5,2026-08-01,1133454.1207735485,584170.4082929221,1688711.7871800289
ANTIBIOTICO + ANTIFUNGICO CREMA,Cliente 5,2026-09-01,1026210.4684697771,559762.0655273276,1586824.6755159646
ANTIBIOTICO + ANTIFUNGICO CREMA,Cliente Otros,2025-10-01,1408568.8549080645,405522.1622495889,2538955.934737037
ANTIBIOTICO + ANTIFUNGICO CREMA,Cliente Otros,2025-11-01,851367.395156461,-269494.8729002561,1873805.9118597705
ANTIBIOTICO + ANTIFUNGICO CREMA,Cliente Otros,2025-12-01,281546.6021592451,-750420.7939170895,1281667.2196667707
ANTIBIOTICO + ANTIFUNGICO CREMA,Cliente Otros,2026-01-01,336664.53966892743,-772358.3309810894,1420194.6566463779
ANTIBIOTICO + ANTIFUNGICO CREMA,Cliente Otros,2026-02-01,1130819.0521664626,17327.449703622176,2216820.545736779
ANTIBIOTICO + ANTIFUNGICO CREMA,Cliente Otros,2026-03-01,931769.1029888237,-135239.98179685,1994482.147411378
ANTIBIOTICO + ANTIFUNGICO CREMA,Cliente Otros,2026-04-01,1136930.6062756453,33279.61150355056,2187494.834635397
ANTIBIOTICO + ANTIFUNGICO CREMA,Cliente Otros,2026-05-01,1223598.3578259002,210070.78317273298,2279648.8208695203
ANTIBIOTICO + ANTIFUNGICO CREMA,Cliente Otros,2026-06-01,774264.9449511283,-354115.28108031815,1818258.2426379223
ANTIBIOTICO + ANTIFUNGICO CREMA,Cliente Otros,2026-07-01,1461832.7438042518,473792.39762634697,2522147.763725883
ANTIBIOTICO + ANTIFUNGICO CREMA,Cliente Otros,2026-08-01,637700.7716078778,-387039.4577725514,1745572.039352387
ANTIBIOTICO + ANTIFUNGICO CREMA,Cliente Otros,2026-09-01,774806.0965418913,-282432.49002500484,1837119.8049246538
ANTIBIOTICO SOLUCIONES INYECTABLE 2,Cliente 1,2025-10-01,678996.0458989239,-262252.4227398549,1703760.6389232224
ANTIBIOTICO SOLUCIONES INYECTABLE 2,Cliente 1,2025-11-01,792145.9623397911,-155462.57743073034,1813313.1090318777
ANTIBIOTICO SOLUCIONES INYECTABLE 2,Cliente 1,2025-12-01,948140.8023498872,10179.37422329497,1992461.0483626816
ANTIBIOTICO SOLUCIONES INYECTABLE 2,Cliente 1,2026-01-01,884881.8285349903,-65271.5836546635,1826166.1491425226
ANTIBIOTICO SOLUCIONES INYECTABLE 2,Cliente 1,2026-02-01,886937.8798760135,-53946.11747801327,1914769.224486071
ANTIBIOTICO SOLUCIONES INYECTABLE 2,Cliente 1,2026-03-01,838726.0630569065,-140217.7835315888,1755557.4977079798
ANTIBIOTICO SOLUCIONES INYECTABLE 2,Cliente 1,2026-04-01,798788.6414725723,-140350.956708593,1850201.5729507606
ANTIBIOTICO SOLUCIONES INYECTABLE 2,Cliente 1,2026-05-01,732085.0248194269,-186311.42352733397,1788230.3723208227
ANTIBIOTICO SOLUCIONES INYECTABLE 2,Cliente 1,2026-06-01,606244.0000880536,-377257.1506637962,1615509.0558274437
ANTIBIOTICO SOLUCIONES INYECTABLE 2,Cliente 1,2026-07-01,702903.9606002399,-365086.7570419971,1619131.9334612268
ANTIBIOTICO SOLUCIONES INYECTABLE 2,Cliente 1,2026-08-01,612913.0367048602,-374027.3603732687,1671685.483061147
ANTIBIOTICO SOLUCIONES INYECTABLE 2,Cliente 1,2026-09-01,572709.0178682698,-392246.83085433155,1519325.7125489067
ANTIBIOTICO SOLUCIONES INYECTABLE 2,Cliente 2,2025-10-01,186557.51272800303,-143827.67637048193,502045.03608353715
ANTIBIOTICO SOLUCIONES INYECTABLE 2,Cliente 2,2025-11-01,197399.86529941065,-127309.06647871972,496802.21090851753
ANTIBIOTICO SOLUCIONES INYECTABLE 2,Cliente 2,2025-12-01,72954.33306189899,-242374.08634642555,385537.0636072367
ANTIBIOTICO SOLUCIONES INYECTABLE 2,Cliente 2,2026-01-01,306854.3640710024,-18108.601511830977,626151.0205288024
ANTIBIOTICO SOLUCIONES INYECTABLE 2,Cliente 2,2026-02-01,78326.33979124346,-219632.64627994015,373450.12629957154
ANTIBIOTICO SOLUCIONES INYECTABLE 2,Cliente 2,2026-03-01,415171.8695461224,95446.6759136313,708121.6410547356
ANTIBIOTICO SOLUCIONES INYECTABLE 2,Cliente 2,2026-04-01,201080.5440712124,-95950.88833406383,516711.98506350233
ANTIBIOTICO SOLUCIONES INYECTABLE 2,Cliente 2,2026-05-01,10035.905419355564,-289684.90472170716,343421.4555619347
ANTIBIOTICO SOLUCIONES INYECTABLE 2,Cliente 2,2026-06-01,176085.51237068785,-145328.81391165534,490068.14470269537
ANTIBIOTICO SOLUCIONES INYECTABLE 2,Cliente 2,2026-07-01,226368.6028112995,-70685.62277506442,526846.828829326
ANTIBIOTICO SOLUCIONES INYECTABLE 2,Cliente 2,2026-08-01,45915.13308505126,-263141.49447559885,339817.1335622483
ANTIBIOTICO SOLUCIONES INYECTABLE 2,Cliente 2,2026-09-01,24885.231474832457,-290536.87413622177,346188.2623316113
ANTIBIOTICO SOLUCIONES INYECTABLE 2,Cliente 3,2025-10-01,1505217.0456243102,-458777.91261251486,3463684.8295236574
ANTIBIOTICO SOLUCIONES INYECTABLE 2,Cliente 3,2025-11-01,1604904.0202146436,-316399.9018811486,3624313.5651076366
ANTIBIOTICO SOLUCIONES INYECTABLE 2,Cliente 3,2025-12-01,468851.79318461346,-1684801.0861435325,2431208.1918857126
ANTIBIOTICO SOLUCIONES INYECTABLE 2,Cliente 3,2026-01-01,1895778.894312966,-188255.83853945005,3694616.5255214027
ANTIBIOTICO SOLUCIONES INYECTABLE 2,Cliente 3,2026-02-01,52137.68088488467,-1850583.0188296805,2069023.7153537027
ANTIBIOTICO SOLUCIONES INYECTABLE 2,Cliente 3,2026-03-01,167645.4351481318,-1752083.0188310542,2222696.2809978067
ANTIBIOTICO SOLUCIONES INYECTABLE 2,Cliente 3,2026-04-01,1736323.4466930428,-354864.0252197345,3660917.731473708
ANTIBIOTICO SOLUCIONES INYECTABLE 2,Cliente 3,2026-05-01,-40186.764951687306,-2064595.1431332864,1823034.5162399295
ANTIBIOTICO SOLUCIONES INYECTABLE 2,Cliente 3,2026-06-01,-97364.10251435335,-2201264.4136080863,1972866.203767112
ANTIBIOTICO SOLUCIONES INYECTABLE 2,Cliente 3,2026-07-01,1317061.9189963571,-811606.3426335456,3216396.829997931
ANTIBIOTICO SOLUCIONES INYECTABLE 2,Cliente 3,2026-08-01,74280.55909121758,-1908091.7910272754,2197242.981838799
ANTIBIOTICO SOLUCIONES INYECTABLE 2,Cliente 3,2026-09-01,506189.2872469202,-1492919.8740429473,2492042.77914359
ANTIBIOTICO SOLUCIONES INYECTABLE 2,Cliente 5,2025-10-01,420114.835074985,-289221.1017049266,1150753.5674922068
ANTIBIOTICO SOLUCIONES INYECTABLE 2,Cliente 5,2025-11-01,102791.64014801674,-643636.7523563785,853052.4377261393
ANTIBIOTICO SOLUCIONES INYECTABLE 2,Cliente 5,2025-12-01,381243.8048284668,-287844.52793547494,1111640.9716975493
ANTIBIOTICO SOLUCIONES INYECTABLE 2,Cliente 5,2026-01-01,277830.02035831445,-425203.5421829616,1034049.4179430128
ANTIBIOTICO SOLUCIONES INYECTABLE 2,Cliente 5,2026-02-01,250980.0653934845,-483412.1836718054,998477.4813340565
ANTIBIOTICO SOLUCIONES INYECTABLE 2,Cliente 5,2026-03-01,566595.4776227532,-180294.47405925003,1272861.8937919163
ANTIBIOTICO SOLUCIONES INYECTABLE 2,Cliente 5,2026-04-01,-165066.929337613,-885434.1306397172,564902.1193763701
ANTIBIOTICO SOLUCIONES INYECTABLE 2,Cliente 5,2026-05-01,-127138.82060832276,-862994.9810319246,642798.190379261
ANTIBIOTICO SOLUCIONES INYECTABLE 2,Cliente 5,2026-06-01,-67688.5421314788,-835938.3379344338,648900.9530876402
ANTIBIOTICO SOLUCIONES INYECTABLE 2,Cliente 5,2026-07-01,-174280.4416612542,-899420.1558681307,550965.1693686454
ANTIBIOTICO SOLUCIONES INYECTABLE 2,Cliente 5,2026-08-01,172148.742068577,-548613.7791021371,933803.480230994
ANTIBIOTICO SOLUCIONES INYECTABLE 2,Cliente 5,2026-09-01,-2284.4765399240905,-739527.339026803,687306.1718410263
ANTIBIOTICO SOLUCIONES INYECTABLE 2,Cliente Otros,2025-10-01,604707.9809096016,88003.86326255927,1162947.3924972317
ANTIBIOTICO SOLUCIONES INYECTABLE 2,Cliente Otros,2025-11-01,221807.26166492424,-252509.92137987324,764771.8861667481
ANTIBIOTICO SOLUCIONES INYECTABLE 2,Cliente Otros,2025-12-01,216242.21731806154,-283957.0273437223,696405.6065629821
ANTIBIOTICO SOLUCIONES INYECTABLE 2,Cliente Otros,2026-01-01,398618.6089044567,-129309.66871137657,938267.7817614129
ANTIBIOTICO SOLUCIONES INYECTABLE 2,Cliente Otros,2026-02-01,214045.7526888037,-300993.98724443564,740890.5817344189
ANTIBIOTICO SOLUCIONES INYECTABLE 2,Cliente Otros,2026-03-01,174178.80926281496,-359727.9857476499,729423.9122778786
ANTIBIOTICO SOLUCIONES INYECTABLE 2,Cliente Otros,2026-04-01,291625.3865342125,-189873.6164677277,788151.818377703
ANTIBIOTICO SOLUCIONES INYECTABLE 2,Cliente Otros,2026-05-01,154726.63797820447,-372078.92821421893,685982.9301424833
ANTIBIOTICO SOLUCIONES INYECTABLE 2,Cliente Otros,2026-06-01,119112.70303431632,-379780.3306481671,646858.7899742089
ANTIBIOTICO SOLUCIONES INYECTABLE 2,Cliente Otros,2026-07-01,190607.49414404426,-341494.4915388194,741680.8974309235
ANTIBIOTICO SOLUCIONES INYECTABLE 2,Cliente Otros,2026-08-01,207562.9345933916,-296216.71742448857,719693.1554797179
ANTIBIOTICO SOLUCIONES INYECTABLE 2,Cliente Otros,2026-09-01,373890.3817204968,-158058.52869402868,896380.2794979499
ANTIBIOTICO SOLUCIONES INYECTABLE 3,Cliente 1,2025-10-01,840486.066729928,-123733.37767152736,1857268.7128693482
ANTIBIOTICO SOLUCIONES INYECTABLE 3,Cliente 1,2025-11-01,745824.4155991302,-166136.80915362033,1700251.2044741795
ANTIBIOTICO SOLUCIONES INYECTABLE 3,Cliente 1,2025-12-01,827434.4701037154,-86223.13333073763,1731166.0263824621
ANTIBIOTICO SOLUCIONES INYECTABLE 3,Cliente 1,2026-01-01,757609.3590489913,-203126.64470124265,1673896.8607068963
ANTIBIOTICO SOLUCIONES INYECTABLE 3,Cliente 1,2026-02-01,824133.3693373138,-61526.290956516954,1779742.613685433
ANTIBIOTICO SOLUCIONES INYECTABLE 3,Cliente 1,2026-03-01,670652.5442085266,-242755.59318556607,1622752.3553536385
ANTIBIOTICO SOLUCIONES INYECTABLE 3,Cliente 1,2026-04-01,951215.9585322549,-47406.762841317475,1892561.2545482146
ANTIBIOTICO SOLUCIONES INYECTABLE 3,Cliente 1,2026-05-01,789225.8063949257,-136618.32830059956,1729125.236100661
ANTIBIOTICO SOLUCIONES INYECTABLE 3,Cliente 1,2026-06-01,721224.8900090496,-300913.41284564364,1656120.7231549495
ANTIBIOTICO SOLUCIONES INYECTABLE 3,Cliente 1,2026-07-01,699300.576725931,-264753.8443365727,1609424.353240594
ANTIBIOTICO SOLUCIONES INYECTABLE 3,Cliente 1,2026-08-01,496868.2693636024,-511306.5429468809,1383036.3579725013
ANTIBIOTICO SOLUCIONES INYECTABLE 3,Cliente 1,2026-09-01,637284.5428478721,-247396.54811308265,1466623.8067269272
ANTIBIOTICO SOLUCIONES INYECTABLE 3,Cliente 2,2025-10-01,170357.7704375484,-50468.86836908727,383045.9129291875
ANTIBIOTICO SOLUCIONES INYECTABLE 3,Cliente 2,2025-11-01,214895.55249241635,-4781.513807960821,429027.8015090876
ANTIBIOTICO SOLUCIONES INYECTABLE 3,Cliente 2,2025-12-01,126147.14547277198,-77240.35103159449,329746.9550294325
ANTIBIOTICO SOLUCIONES INYECTABLE 3,Cliente 2,2026-01-01,352954.21083913534,149536.3170930025,586537.5246949121
ANTIBIOTICO SOLUCIONES INYECTABLE 3,Cliente 2,2026-02-01,253780.01577519954,41857.07520938939,463797.28280329984
ANTIBIOTICO SOLUCIONES INYECTABLE 3,Cliente 2,2026-03-01,329818.7334265612,117260.3972019439,539419.1170427777
ANTIBIOTICO SOLUCIONES INYECTABLE 3,Cliente 2,2026-04-01,188494.5999280028,-16530.49290146958,386389.9894694004
ANTIBIOTICO SOLUCIONES INYECTABLE 3,Cliente 2,2026-05-01,89317.7602943682,-115844.99074328561,298509.6082578737
ANTIBIOTICO SOLUCIONES INYECTABLE 3,Cliente 2,2026-06-01,162380.5899710104,-42989.44247945347,392219.21424639644
ANTIBIOTICO SOLUCIONES INYECTABLE 3,Cliente 2,2026-07-01,154961.08626544944,-62020.45008559683,385155.33393277606
ANTIBIOTICO SOLUCIONES INYECTABLE 3,Cliente 2,2026-08-01,152000.16133422565,-58933.98230152118,370799.839422301
ANTIBIOTICO SOLUCIONES INYECTABLE 3,Cliente 2,2026-09-01,105585.19372111312,-113125.86263318054,324940.6459214887
ANTIBIOTICO SOLUCIONES INYECTABLE 3,Cliente 3,2025-10-01,1358709.7733339514,-840169.0233610743,3510801.1243435605
ANTIBIOTICO SOLUCIONES INYECTABLE 3,Cliente 3,2025-11-01,1426998.034848886,-622014.7392546413,3406398.3982307827
ANTIBIOTICO SOLUCIONES INYECTABLE 3,Cliente 3,2025-12-01,311244.3761915153,-1928959.5109852552,2402006.1339519797
ANTIBIOTICO SOLUCIONES INYECTABLE 3,Cliente 3,2026-01-01,1408623.5124897466,-713764.6828410217,3691298.048250019
ANTIBIOTICO SOLUCIONES INYECTABLE 3,Cliente 3,2026-02-01,131046.82639488298,-1926549.7298322122,2255762.3101206804
ANTIBIOTICO SOLUCIONES INYECTABLE 3,Cliente 3,2026-03-01,443017.394241595,-1762491.9439635305,2630618.321858354
ANTIBIOTICO SOLUCIONES INYECTABLE 3,Cliente 3,2026-04-01,1777068.9563318714,-383950.411363831,3847080.446157971
ANTIBIOTICO SOLUCIONES INYECTABLE 3,Cliente 3,2026-05-01,40311.893706733594,-2047742.3995390574,2133887.4228661475
ANTIBIOTICO SOLUCIONES INYECTABLE 3,Cliente 3,2026-06-01,-118743.4255163779,-2088165.2899010356,2100698.9262759066
ANTIBIOTICO SOLUCIONES INYECTABLE 3,Cliente 3,2026-07-01,1082013.0611693766,-1135690.8967497947,3179874.1718621855
ANTIBIOTICO SOLUCIONES INYECTABLE 3,Cliente 3,2026-08-01,-65737.3162962416,-2381963.5980011425,2118379.9855272705
ANTIBIOTICO SOLUCIONES INYECTABLE 3,Cliente 3,2026-09-01,539000.1956420824,-1697521.2883042973,2759321.6943411627
ANTIBIOTICO SOLUCIONES INYECTABLE 3,Cliente 5,2025-10-01,453968.8802819543,-260499.99508130024,1154655.56906604
ANTIBIOTICO SOLUCIONES INYECTABLE 3,Cliente 5,2025-11-01,582699.0212545153,-111888.04519613124,1214265.4379287828
ANTIBIOTICO SOLUCIONES INYECTABLE 3,Cliente 5,2025-12-01,467775.16536043584,-170997.05222560972,1145218.104936527
ANTIBIOTICO SOLUCIONES INYECTABLE 3,Cliente 5,2026-01-01,820718.3845242742,151267.34542515108,1489952.2801395096
ANTIBIOTICO SOLUCIONES INYECTABLE 3,Cliente 5,2026-02-01,541047.2148742753,-118065.2215407638,1230819.0305248965
ANTIBIOTICO SOLUCIONES INYECTABLE 3,Cliente 5,2026-03-01,451429.80910196714,-174704.8423304434,1130817.0778917174
ANTIBIOTICO SOLUCIONES INYECTABLE 3,Cliente 5,2026-04-01,134731.83028756632,-544790.8833670904,801756.6332853306
ANTIBIOTICO SOLUCIONES INYECTABLE 3,Cliente 5,2026-05-01,178864.65567346802,-462237.9162385559,903480.965170913
ANTIBIOTICO SOLUCIONES INYECTABLE 3,Cliente 5,2026-06-01,70941.91270369655,-580134.0619495211,748553.602463799
ANTIBIOTICO SOLUCIONES INYECTABLE 3,Cliente 5,2026-07-01,139377.7718758407,-550320.2173684858,788222.473257761
ANTIBIOTICO SOLUCIONES INYECTABLE 3,Cliente 5,2026-08-01,372120.75048509386,-321561.40758408984,1051436.8758242305
ANTIBIOTICO SOLUCIONES INYECTABLE 3,Cliente 5,2026-09-01,173970.76019006604,-527418.9400604651,815756.9985451014
ANTIBIOTICO SOLUCIONES INYECTABLE 3,Cliente Otros,2025-10-01,607335.8992539851,-21289.489137099332,1246600.930760873
ANTIBIOTICO SOLUCIONES INYECTABLE 3,Cliente Otros,2025-11-01,373922.02913987124,-312308.4069565062,1057472.6312845286
ANTIBIOTICO SOLUCIONES INYECTABLE 3,Cliente Otros,2025-12-01,223876.00526410807,-412637.29336986353,887433.9856300805
ANTIBIOTICO SOLUCIONES INYECTABLE 3,Cliente Otros,2026-01-01,686378.0062197337,5454.239808225879,1355346.144086066
ANTIBIOTICO SOLUCIONES INYECTABLE 3,Cliente Otros,2026-02-01,370840.37425874826,-307274.19958341785,1022961.2233985558
ANTIBIOTICO SOLUCIONES INYECTABLE 3,Cliente Otros,2026-03-01,249925.07873078834,-374792.71998682077,934452.5990784842
ANTIBIOTICO SOLUCIONES INYECTABLE 3,Cliente Otros,2026-04-01,567021.1011825084,-89343.47798436177,1220340.2628181719
ANTIBIOTICO SOLUCIONES INYECTABLE 3,Cliente Otros,2026-05-01,209529.8468883977,-473193.723601182,935096.7844264047
ANTIBIOTICO SOLUCIONES INYECTABLE 3,Cliente Otros,2026-06-01,175242.51029848133,-495487.5867292388,806591.7047342887
ANTIBIOTICO SOLUCIONES INYECTABLE 3,Cliente Otros,2026-07-01,395875.5103059489,-276655.28941858705,1070997.3479019867
ANTIBIOTICO SOLUCIONES INYECTABLE 3,Cliente Otros,2026-08-01,308898.6858959842,-415034.17383144307,1005555.6696612311
ANTIBIOTICO SOLUCIONES INYECTABLE 3,Cliente Otros,2026-09-01,258664.2232368623,-373716.0485919487,942380.2849932198
ANTIBIOTICO SOLUCIONES INYECTABLE ADULTO,Cliente 1,2025-10-01,691428.7068272381,190466.7903359017,1211177.4438920747
ANTIBIOTICO SOLUCIONES INYECTABLE ADULTO,Cliente 1,2025-11-01,674001.5520638289,163396.2992833065,1135785.2774986352
ANTIBIOTICO SOLUCIONES INYECTABLE ADULTO,Cliente 1,2025-12-01,694018.1157166072,132647.6661882129,1190141.7586711883
ANTIBIOTICO SOLUCIONES INYECTABLE ADULTO,Cliente 1,2026-01-01,661193.2551052076,149653.86967876466,1126094.7249554542
ANTIBIOTICO SOLUCIONES INYECTABLE ADULTO,Cliente 1,2026-02-01,785152.9251551393,273258.79309781786,1313861.757777354
ANTIBIOTICO SOLUCIONES INYECTABLE ADULTO,Cliente 1,2026-03-01,679044.8571715358,162685.3091577435,1179314.033582203
ANTIBIOTICO SOLUCIONES INYECTABLE ADULTO,Cliente 1,2026-04-01,641115.9962959132,135469.3153168303,1162169.4216727812
ANTIBIOTICO SOLUCIONES INYECTABLE ADULTO,Cliente 1,2026-05-01,682152.7631647204,214532.9817797524,1181394.1879748625
ANTIBIOTICO SOLUCIONES INYECTABLE ADULTO,Cliente 1,2026-06-01,860124.3691195179,354896.76197144756,1358323.7094034883
ANTIBIOTICO SOLUCIONES INYECTABLE ADULTO,Cliente 1,2026-07-01,645785.208635825,129289.0726545265,1190512.8367371117
ANTIBIOTICO SOLUCIONES INYECTABLE ADULTO,Cliente 1,2026-08-01,613900.3067562261,127800.18825306761,1112693.5548383337
ANTIBIOTICO SOLUCIONES INYECTABLE ADULTO,Cliente 1,2026-09-01,489993.9451513867,-38337.21068046975,970952.2261934666
ANTIBIOTICO SOLUCIONES INYECTABLE ADULTO,Cliente 2,2025-10-01,195978.3577484335,-74119.31355530099,453831.69967136043
ANTIBIOTICO SOLUCIONES INYECTABLE ADULTO,Cliente 2,2025-11-01,200592.07495862234,-47428.293160606816,461331.3366918943
ANTIBIOTICO SOLUCIONES INYECTABLE ADULTO,Cliente 2,2025-12-01,228614.9315819227,-35445.98087074306,494259.4578487575
ANTIBIOTICO SOLUCIONES INYECTABLE ADULTO,Cliente 2,2026-01-01,421316.8137344074,159959.68284631523,670652.1397120691
ANTIBIOTICO SOLUCIONES INYECTABLE ADULTO,Cliente 2,2026-02-01,155933.08797709332,-108629.24403471663,403292.1620499296
ANTIBIOTICO SOLUCIONES INYECTABLE ADULTO,Cliente 2,2026-03-01,270310.7272340371,4781.174153426244,536040.7546372458
ANTIBIOTICO SOLUCIONES INYECTABLE ADULTO,Cliente 2,2026-04-01,275661.67163544655,17419.63177345612,541302.0209282949
ANTIBIOTICO SOLUCIONES INYECTABLE ADULTO,Cliente 2,2026-05-01,118548.68306484609,-143604.534944429,375947.2502938411
ANTIBIOTICO SOLUCIONES INYECTABLE ADULTO,Cliente 2,2026-06-01,148657.61628930309,-129955.49573642873,390719.3326879514
ANTIBIOTICO SOLUCIONES INYECTABLE ADULTO,Cliente 2,2026-07-01,243472.52028860222,-22024.354776905093,508779.7179263303
ANTIBIOTICO SOLUCIONES INYECTABLE ADULTO,Cliente 2,2026-08-01,144970.74321410316,-98533.17669583399,419818.00225836394
ANTIBIOTICO SOLUCIONES INYECTABLE ADULTO,Cliente 2,2026-09-01,126478.0048974244,-141885.64709548006,390873.0742632348
ANTIBIOTICO SOLUCIONES INYECTABLE ADULTO,Cliente 3,2025-10-01,261609.95260907398,-500731.25857386895,1082956.6376755023
ANTIBIOTICO SOLUCIONES INYECTABLE ADULTO,Cliente 3,2025-11-01,650187.794183197,-145955.85892111243,1345452.1618549419
ANTIBIOTICO SOLUCIONES INYECTABLE ADULTO,Cliente 3,2025-12-01,682101.2124711887,-78233.85157725617,1440828.2047191814
ANTIBIOTICO SOLUCIONES INYECTABLE ADULTO,Cliente 3,2026-01-01,1012727.8015188265,245172.8121842786,1769867.9419044564
ANTIBIOTICO SOLUCIONES INYECTABLE ADULTO,Cliente 3,2026-02-01,424918.9091439707,-387623.6626256797,1225922.6765907903
ANTIBIOTICO SOLUCIONES INYECTABLE ADULTO,Cliente 3,2026-03-01,503777.91799034755,-266616.37688369927,1244902.9490888766
ANTIBIOTICO SOLUCIONES INYECTABLE ADULTO,Cliente 3,2026-04-01,691954.1172628207,-70031.0736339922,1500829.4550964565
ANTIBIOTICO SOLUCIONES INYECTABLE ADULTO,Cliente 3,2026-05-01,148247.1890677602,-649173.1272283876,888584.0352356591
ANTIBIOTICO SOLUCIONES INYECTABLE ADULTO,Cliente 3,2026-06-01,235870.89715536765,-495193.48694901244,984373.6924814647
ANTIBIOTICO SOLUCIONES INYECTABLE ADULTO,Cliente 3,2026-07-01,573664.9739769391,-93813.7189251631,1265871.83245045
ANTIBIOTICO SOLUCIONES INYECTABLE ADULTO,Cliente 3,2026-08-01,265176.6573461068,-501380.95607291674,1017398.2401709176
ANTIBIOTICO SOLUCIONES INYECTABLE ADULTO,Cliente 3,2026-09-01,242931.80903503374,-448247.37006050424,988916.1249809847
ANTIBIOTICO SOLUCIONES INYECTABLE ADULTO,Cliente 5,2025-10-01,208191.882419154,77310.16908429607,342964.9388033061
ANTIBIOTICO SOLUCIONES INYECTABLE ADULTO,Cliente 5,2025-11-01,259875.9204448922,116049.84292772964,394898.0451532243
ANTIBIOTICO SOLUCIONES INYECTABLE ADULTO,Cliente 5,2025-12-01,219616.02947925476,84023.04787731296,357809.3387349825
ANTIBIOTICO SOLUCIONES INYECTABLE ADULTO,Cliente 5,2026-01-01,240425.75725280924,99938.21605674026,378246.9696078732
ANTIBIOTICO SOLUCIONES INYECTABLE ADULTO,Cliente 5,2026-02-01,211389.47143124405,70228.75981821079,342155.050370771
ANTIBIOTICO SOLUCIONES INYECTABLE ADULTO,Cliente 5,2026-03-01,120434.32642519192,-9852.079327662806,250028.89154314695
ANTIBIOTICO SOLUCIONES INYECTABLE ADULTO,Cliente 5,2026-04-01,136594.63094051077,2255.6097516600676,275856.05013582646
ANTIBIOTICO SOLUCIONES INYECTABLE ADULTO,Cliente 5,2026-05-01,135340.81166057778,1079.585070310798,264695.6972224088
ANTIBIOTICO SOLUCIONES INYECTABLE ADULTO,Cliente 5,2026-06-01,149453.82880896586,14523.889679170286,283642.91188222496
ANTIBIOTICO SOLUCIONES INYECTABLE ADULTO,Cliente 5,2026-07-01,179802.1585733941,41386.10670109904,310199.9433458843
ANTIBIOTICO SOLUCIONES INYECTABLE ADULTO,Cliente 5,2026-08-01,167824.65592030535,37423.4464660644,315144.0208266831
ANTIBIOTICO SOLUCIONES INYECTABLE ADULTO,Cliente 5,2026-09-01,138292.40691640365,15927.092284148255,277381.1202521811
ANTIBIOTICO SOLUCIONES INYECTABLE ADULTO,Cliente Otros,2025-10-01,308770.26497063384,127540.49323497112,495811.20542615093
ANTIBIOTICO SOLUCIONES INYECTABLE ADULTO,Cliente Otros,2025-11-01,310142.8835939984,139146.52535186257,486591.9673778869
ANTIBIOTICO SOLUCIONES INYECTABLE ADULTO,Cliente Otros,2025-12-01,289595.48756724433,115971.3416834856,467250.4188392466
ANTIBIOTICO SOLUCIONES INYECTABLE ADULTO,Cliente Otros,2026-01-01,496126.6897238155,333938.87809055526,670265.4898391739
ANTIBIOTICO SOLUCIONES INYECTABLE ADULTO,Cliente Otros,2026-02-01,174040.9388504659,-1644.6419773828584,347032.24128158484
ANTIBIOTICO SOLUCIONES INYECTABLE ADULTO,Cliente Otros,2026-03-01,187473.29745281453,32418.095145989337,380475.0058227335
ANTIBIOTICO SOLUCIONES INYECTABLE ADULTO,Cliente Otros,2026-04-01,198293.57513511152,20202.41992848051,375315.90469651384
ANTIBIOTICO SOLUCIONES INYECTABLE ADULTO,Cliente Otros,2026-05-01,244828.34235879892,60212.16197890535,409812.3433573677
ANTIBIOTICO SOLUCIONES INYECTABLE ADULTO,Cliente Otros,2026-06-01,229501.1128710069,52012.64175762198,409230.34587352956
ANTIBIOTICO SOLUCIONES INYECTABLE ADULTO,Cliente Otros,2026-07-01,266122.98681071674,76050.30132043977,455627.8998156114
ANTIBIOTICO SOLUCIONES INYECTABLE ADULTO,Cliente Otros,2026-08-01,394136.4488644223,214719.33190404245,548863.8271600164
ANTIBIOTICO SOLUCIONES INYECTABLE ADULTO,Cliente Otros,2026-09-01,295110.7021814231,116258.87886390439,491668.2073953464
ANTIPIRETICO SOLUCION PEDRIATRICO,Cliente 1,2025-10-01,377993.69100161106,114072.13318352627,660259.837241549
ANTIPIRETICO SOLUCION PEDRIATRICO,Cliente 1,2025-11-01,390468.7452756682,126839.49483614141,662998.4830758173
ANTIPIRETICO SOLUCION PEDRIATRICO,Cliente 1,2025-12-01,329740.5522299644,57585.16146528561,578643.4198358764
ANTIPIRETICO SOLUCION PEDRIATRICO,Cliente 1,2026-01-01,332527.4681428364,74507.9030640197,602446.1406234439
ANTIPIRETICO SOLUCION PEDRIATRICO,Cliente 1,2026-02-01,359263.702202082,101965.95681542897,630535.2241336436
ANTIPIRETICO SOLUCION PEDRIATRICO,Cliente 1,2026-03-01,286402.4625146291,25542.23769522493,556749.3000642986
ANTIPIRETICO SOLUCION PEDRIATRICO,Cliente 1,2026-04-01,353053.7029357351,83117.34333314953,616533.0494826867
ANTIPIRETICO SOLUCION PEDRIATRICO,Cliente 1,2026-05-01,302278.9796365275,21792.369110418967,584151.5819206781
ANTIPIRETICO SOLUCION PEDRIATRICO,Cliente 1,2026-06-01,308336.3048907759,64437.419761752106,579944.2275724693
ANTIPIRETICO SOLUCION PEDRIATRICO,Cliente 1,2026-07-01,291023.883696233,21476.726502923924,578734.6998128192
ANTIPIRETICO SOLUCION PEDRIATRICO,Cliente 1,2026-08-01,246608.1520355426,-9167.796208544753,532852.9778820105
ANTIPIRETICO SOLUCION PEDRIATRICO,Cliente 1,2026-09-01,297461.4348969383,18432.715540261524,572550.7669890724
ANTIPIRETICO SOLUCION PEDRIATRICO,Cliente 2,2025-10-01,50806.91387076551,-86530.99518524382,194546.91292086095
ANTIPIRETICO SOLUCION PEDRIATRICO,Cliente 2,2025-11-01,182261.01347849736,40090.977874911536,321521.87427481584
ANTIPIRETICO SOLUCION PEDRIATRICO,Cliente 2,2025-12-01,32815.86714632343,-119128.60842696787,178747.79380536496
ANTIPIRETICO SOLUCION PEDRIATRICO,Cliente 2,2026-01-01,39192.277879383495,-118109.6754840493,187047.8870799488
ANTIPIRETICO SOLUCION PEDRIATRICO,Cliente 2,2026-02-01,108182.52858790045,-34736.582623077615,257713.84774194538
ANTIPIRETICO SOLUCION PEDRIATRICO,Cliente 2,2026-03-01,171954.03500343295,20745.698310641146,323164.65422060696
ANTIPIRETICO SOLUCION PEDRIATRICO,Cliente 2,2026-04-01,70614.3876045984,-76757.26976371248,214370.62199874362
ANTIPIRETICO SOLUCION PEDRIATRICO,Cliente 2,2026-05-01,-932.110580709581,-146980.43635698198,146846.90267738976
ANTIPIRETICO SOLUCION PEDRIATRICO,Cliente 2,2026-06-01,85502.30911387727,-57197.854615968,228215.1187100216
ANTIPIRETICO SOLUCION PEDRIATRICO,Cliente 2,2026-07-01,24645.100752648214,-119345.37710339435,176751.01134228028
ANTIPIRETICO SOLUCION PEDRIATRICO,Cliente 2,2026-08-01,32393.2193163247,-117313.6155430326,185889.15544237886
ANTIPIRETICO SOLUCION PEDRIATRICO,Cliente 2,2026-09-01,122848.68810615913,-38068.17121445145,260756.69650436335
ANTIPIRETICO SOLUCION PEDRIATRICO,Cliente 3,2025-10-01,142254.19639813,-80304.54108745081,367336.797953409
ANTIPIRETICO SOLUCION PEDRIATRICO,Cliente 3,2025-11-01,284917.3787438714,46234.940726588684,495769.95084479405
ANTIPIRETICO SOLUCION PEDRIATRICO,Cliente 3,2025-12-01,243670.01704352765,22783.390336308952,472365.51753413695
ANTIPIRETICO SOLUCION PEDRIATRICO,Cliente 3,2026-01-01,200692.18533384794,-14917.900183161586,422841.7266068007
ANTIPIRETICO SOLUCION PEDRIATRICO,Cliente 3,2026-02-01,73932.97396921687,-136131.8611395627,294311.6638321204
ANTIPIRETICO SOLUCION PEDRIATRICO,Cliente 3,2026-03-01,123802.52345810109,-104746.74116220156,341476.134583658
ANTIPIRETICO SOLUCION PEDRIATRICO,Cliente 3,2026-04-01,100031.1661225915,-116470.34903915774,307953.18580701726
ANTIPIRETICO SOLUCION PEDRIATRICO,Cliente 3,2026-05-01,3752.3261367214436,-239063.64513529738,228203.71236125167
ANTIPIRETICO SOLUCION PEDRIATRICO,Cliente 3,2026-06-01,239981.77427050495,26214.9940133349,463131.15877223935
ANTIPIRETICO SOLUCION PEDRIATRICO,Cliente 3,2026-07-01,101784.69605263734,-114601.40383686012,314897.01477628655
ANTIPIRETICO SOLUCION PEDRIATRICO,Cliente 3,2026-08-01,67610.1657060392,-141754.164648384,288747.9741989075
ANTIPIRETICO SOLUCION PEDRIATRICO,Cliente 3,2026-09-01,130796.71799835553,-79646.5379389711,363291.8999245623
ANTIPIRETICO SOLUCION PEDRIATRICO,Cliente 5,2025-10-01,24325.70013911336,-13556.417924734787,66572.66316883937
ANTIPIRETICO SOLUCION PEDRIATRICO,Cliente 5,2025-11-01,60423.78389554304,22513.558840641632,99203.1415200343
ANTIPIRETICO SOLUCION PEDRIATRICO,Cliente 5,2025-12-01,43836.36078990072,5053.289209853446,83783.28567202273
ANTIPIRETICO SOLUCION PEDRIATRICO,Cliente 5,2026-01-01,15801.297782286314,-21848.195101469366,56654.30704527344
ANTIPIRETICO SOLUCION PEDRIATRICO,Cliente 5,2026-02-01,5781.8072775681485,-31435.226307540885,44746.41342592055
ANTIPIRETICO SOLUCION PEDRIATRICO,Cliente 5,2026-03-01,26611.223788011477,-12077.192434920105,62197.97609387315
ANTIPIRETICO SOLUCION PEDRIATRICO,Cliente 5,2026-04-01,3822.6699353158074,-34522.09754509032,42272.96070559462
ANTIPIRETICO SOLUCION PEDRIATRICO,Cliente 5,2026-05-01,10166.432855497336,-28501.427308884915,51757.93706694605
ANTIPIRETICO SOLUCION PEDRIATRICO,Cliente 5,2026-06-01,4971.621614297206,-32415.059382258223,41570.650200728225
ANTIPIRETICO SOLUCION PEDRIATRICO,Cliente 5,2026-07-01,25824.70490259037,-10674.21814340944,65887.68431170778
ANTIPIRETICO SOLUCION PEDRIATRICO,Cliente 5,2026-08-01,21405.22751248983,-18451.837243243717,59867.227724456796
ANTIPIRETICO SOLUCION PEDRIATRICO,Cliente 5,2026-09-01,10987.45087403923,-28641.30871785362,48181.40861181822
ANTIPIRETICO SOLUCION PEDRIATRICO,Cliente Otros,2025-10-01,108831.26593925321,11584.678119975919,199926.06544049524
ANTIPIRETICO SOLUCION PEDRIATRICO,Cliente Otros,2025-11-01,145578.69102300098,51043.8194738444,234790.4384889226
ANTIPIRETICO SOLUCION PEDRIATRICO,Cliente Otros,2025-12-01,63166.040922588036,-29440.26700527398,163839.8878506746
ANTIPIRETICO SOLUCION PEDRIATRICO,Cliente Otros,2026-01-01,135089.60686451627,46765.77232856279,225280.05766699853
ANTIPIRETICO SOLUCION PEDRIATRICO,Cliente Otros,2026-02-01,55585.33329182553,-33913.79845973486,152201.79005253626
ANTIPIRETICO SOLUCION PEDRIATRICO,Cliente Otros,2026-03-01,59781.81385257002,-32492.081337275016,156732.05108930942
ANTIPIRETICO SOLUCION PEDRIATRICO,Cliente Otros,2026-04-01,80978.63852220688,-2142.420656537974,182864.70456192328
ANTIPIRETICO SOLUCION PEDRIATRICO,Cliente Otros,2026-05-01,89052.75759367926,-2514.7125947654777,180791.89638227472
ANTIPIRETICO SOLUCION PEDRIATRICO,Cliente Otros,2026-06-01,52071.29492073789,-43866.64125263057,143767.93214793297
ANTIPIRETICO SOLUCION PEDRIATRICO,Cliente Otros,2026-07-01,95735.89518029519,6480.076137271728,188022.46486210683
ANTIPIRETICO SOLUCION PEDRIATRICO,Cliente Otros,2026-08-01,33543.23554502774,-63866.36349839671,125167.8493599914
ANTIPIRETICO SOLUCION PEDRIATRICO,Cliente Otros,2026-09-01,56843.39547089478,-33942.68585368699,146111.20097554027
ANTIPIRETICO SUSPENSION INFANTIL,Cliente 1,2025-10-01,915260.3431289532,264346.52631144493,1550214.52827369
ANTIPIRETICO SUSPENSION INFANTIL,Cliente 1,2025-11-01,997189.4096409635,306193.2359109064,1658727.4754627284
ANTIPIRETICO SUSPENSION INFANTIL,Cliente 1,2025-12-01,974539.569977392,341333.9433289179,1609298.0127829858
ANTIPIRETICO SUSPENSION INFANTIL,Cliente 1,2026-01-01,1049410.6460309837,374884.9894565437,1718809.573035574
ANTIPIRETICO SUSPENSION INFANTIL,Cliente 1,2026-02-01,892295.1944613497,194610.06424225497,1517858.5906734664
ANTIPIRETICO SUSPENSION INFANTIL,Cliente 1,2026-03-01,1038703.6860078885,363717.4719889267,1680684.021703438
ANTIPIRETICO SUSPENSION INFANTIL,Cliente 1,2026-04-01,917241.6327860815,260166.70066054768,1565612.9581699613
ANTIPIRETICO SUSPENSION INFANTIL,Cliente 1,2026-05-01,985239.9162903874,326259.0213096459,1646531.708225944
ANTIPIRETICO SUSPENSION INFANTIL,Cliente 1,2026-06-01,890699.7957158836,212717.3438332784,1518503.3426092518
ANTIPIRETICO SUSPENSION INFANTIL,Cliente 1,2026-07-01,863316.979532646,242032.0024830169,1499856.2785525566
ANTIPIRETICO SUSPENSION INFANTIL,Cliente 1,2026-08-01,800888.4985916906,113254.60441245315,1427651.9723887434
ANTIPIRETICO SUSPENSION INFANTIL,Cliente 1,2026-09-01,902424.7332772645,250821.30490987664,1553177.165694717
ANTIPIRETICO SUSPENSION INFANTIL,Cliente 2,2025-10-01,561814.3449454154,180967.8784938733,952064.9466542642
ANTIPIRETICO SUSPENSION INFANTIL,Cliente 2,2025-11-01,389335.43884975516,21352.978186095752,773090.7461670737
ANTIPIRETICO SUSPENSION INFANTIL,Cliente 2,2025-12-01,181781.12444747586,-207083.4336804291,582419.4362657812
ANTIPIRETICO SUSPENSION INFANTIL,Cliente 2,2026-01-01,294821.72575654957,-92226.95983944875,676626.4379303992
ANTIPIRETICO SUSPENSION INFANTIL,Cliente 2,2026-02-01,284696.02061085904,-110400.03506021595,637874.241749439
ANTIPIRETICO SUSPENSION INFANTIL,Cliente 2,2026-03-01,426409.64258782414,28420.630942429078,780481.555778687
ANTIPIRETICO SUSPENSION INFANTIL,Cliente 2,2026-04-01,79888.97795481377,-310809.42569710227,442863.17597744643
ANTIPIRETICO SUSPENSION INFANTIL,Cliente 2,2026-05-01,36329.06957225138,-337059.5680283505,419612.32624612167
ANTIPIRETICO SUSPENSION INFANTIL,Cliente 2,2026-06-01,175669.87063692865,-207553.01042454608,584759.441853275
ANTIPIRETICO SUSPENSION INFANTIL,Cliente 2,2026-07-01,197445.6260561202,-213009.47232399284,568924.7213535656
ANTIPIRETICO SUSPENSION INFANTIL,Cliente 2,2026-08-01,75085.1919224636,-326168.02594824374,469106.77967497567
ANTIPIRETICO SUSPENSION INFANTIL,Cliente 2,2026-09-01,240950.85085072948,-138260.48631132266,604463.3930007889
ANTIPIRETICO SUSPENSION INFANTIL,Cliente 3,2025-10-01,553088.6611843378,-521723.38953883597,1610230.4685365262
ANTIPIRETICO SUSPENSION INFANTIL,Cliente 3,2025-11-01,1621361.989120693,600130.0907696605,2580136.4297473105
ANTIPIRETICO SUSPENSION INFANTIL,Cliente 3,2025-12-01,760677.4892793953,-299397.507919636,1846880.8940439315
ANTIPIRETICO SUSPENSION INFANTIL,Cliente 3,2026-01-01,1073806.6709007542,2669.7571532587035,2046459.6496294248
ANTIPIRETICO SUSPENSION INFANTIL,Cliente 3,2026-02-01,626787.9148952268,-397458.07629926334,1688000.1968617141
ANTIPIRETICO SUSPENSION INFANTIL,Cliente 3,2026-03-01,356596.19625818706,-724568.6677693601,1388646.9080269148
ANTIPIRETICO SUSPENSION INFANTIL,Cliente 3,2026-04-01,1322761.3774634684,307426.31809908967,2396541.447609035
ANTIPIRETICO SUSPENSION INFANTIL,Cliente 3,2026-05-01,114376.86919213389,-996547.802979733,1117222.464745369
ANTIPIRETICO SUSPENSION INFANTIL,Cliente 3,2026-06-01,672809.1774642393,-449949.9845137685,1759805.8380005357
ANTIPIRETICO SUSPENSION INFANTIL,Cliente 3,2026-07-01,1150456.9222651229,113445.9878936914,2278164.476585025
ANTIPIRETICO SUSPENSION INFANTIL,Cliente 3,2026-08-01,331403.9351966738,-712090.9934473124,1420589.6469739645
ANTIPIRETICO SUSPENSION INFANTIL,Cliente 3,2026-09-01,650105.9882290578,-327831.3538451583,1598814.4916501532
ANTIPIRETICO SUSPENSION INFANTIL,Cliente 5,2025-10-01,183027.20033767037,37556.28407993029,328627.67974951334
ANTIPIRETICO SUSPENSION INFANTIL,Cliente 5,2025-11-01,209331.31630791322,76941.0976029331,361613.4597690421
ANTIPIRETICO SUSPENSION INFANTIL,Cliente 5,2025-12-01,378323.12066284596,242735.8872828625,515796.4811088363
ANTIPIRETICO SUSPENSION INFANTIL,Cliente 5,2026-01-01,166638.9010104367,21270.3904803425,309280.001357325
ANTIPIRETICO SUSPENSION INFANTIL,Cliente 5,2026-02-01,112423.56529398021,-30426.87361874518,241596.81645818535
ANTIPIRETICO SUSPENSION INFANTIL,Cliente 5,2026-03-01,169386.216163028,34141.45476543632,310975.3574456365
ANTIPIRETICO SUSPENSION INFANTIL,Cliente 5,2026-04-01,62717.84063020283,-74517.63685849404,203640.287770935
ANTIPIRETICO SUSPENSION INFANTIL,Cliente 5,2026-05-01,71604.90158379315,-65886.01266927848,215138.82710087468
ANTIPIRETICO SUSPENSION INFANTIL,Cliente 5,2026-06-01,94935.06707470512,-38213.63053055107,237955.75190492283
ANTIPIRETICO SUSPENSION INFANTIL,Cliente 5,2026-07-01,52425.58302717529,-98991.03266143966,189431.99359493915
ANTIPIRETICO SUSPENSION INFANTIL,Cliente 5,2026-08-01,123153.52471054533,-9567.138112269908,258742.05805109968
ANTIPIRETICO SUSPENSION INFANTIL,Cliente 5,2026-09-01,142242.96654919194,6521.549748315993,284671.2308375507
ANTIPIRETICO SUSPENSION INFANTIL,Cliente Otros,2025-10-01,557105.4787731277,249441.7611857876,849533.0484431625
ANTIPIRETICO SUSPENSION INFANTIL,Cliente Otros,2025-11-01,541128.8915795339,237539.4188074502,876246.1334479402
ANTIPIRETICO SUSPENSION INFANTIL,Cliente Otros,2025-12-01,451064.3330995864,148823.71534105152,762957.6632107113
ANTIPIRETICO SUSPENSION INFANTIL,Cliente Otros,2026-01-01,498063.5057999805,183850.9466676421,805843.3691133085
ANTIPIRETICO SUSPENSION INFANTIL,Cliente Otros,2026-02-01,484620.45712113177,166078.46624407012,801778.6678050482
ANTIPIRETICO SUSPENSION INFANTIL,Cliente Otros,2026-03-01,348611.5685025518,21744.122737276433,651946.2784339109
ANTIPIRETICO SUSPENSION INFANTIL,Cliente Otros,2026-04-01,371588.4858773097,58281.5280293245,668970.846472895
ANTIPIRETICO SUSPENSION INFANTIL,Cliente Otros,2026-05-01,292246.8170913673,-29873.346916367405,599028.4473970081
ANTIPIRETICO SUSPENSION INFANTIL,Cliente Otros,2026-06-01,245926.34902237292,-48275.38658337089,554599.9595215709
ANTIPIRETICO SUSPENSION INFANTIL,Cliente Otros,2026-07-01,322092.9330872816,28944.247540603636,616056.7744319094
ANTIPIRETICO SUSPENSION INFANTIL,Cliente Otros,2026-08-01,262714.7997213674,-50749.26217436488,591837.718521654
ANTIPIRETICO SUSPENSION INFANTIL,Cliente Otros,2026-09-01,290181.6533201569,-33591.39558632415,579022.7110309987
ANTIREUMATOIDE TABLETAS,Cliente 1,2025-10-01,237904.55460307933,123708.04772161185,342948.7959729819
ANTIREUMATOIDE TABLETAS,Cliente 1,2025-11-01,261187.33890173177,160365.1084690941,378508.5960419239
ANTIREUMATOIDE TABLETAS,Cliente 1,2025-12-01,204114.35603838952,96279.46899324516,315910.2673495452
ANTIREUMATOIDE TABLETAS,Cliente 1,2026-01-01,176968.93607488924,64758.66092326525,289008.57238721347
ANTIREUMATOIDE TABLETAS,Cliente 1,2026-02-01,263374.48034755327,155076.20363896614,378740.50942766643
ANTIREUMATOIDE TABLETAS,Cliente 1,2026-03-01,188397.92636960442,67851.40573313342,297252.82385011495
ANTIREUMATOIDE TABLETAS,Cliente 1,2026-04-01,197959.573914685,86199.97543696125,310139.0593860337
ANTIREUMATOIDE TABLETAS,Cliente 1,2026-05-01,271597.58318011725,158986.4383747555,380994.1435817561
ANTIREUMATOIDE TABLETAS,Cliente 1,2026-06-01,197526.13389383326,88271.66007407715,301239.7045186907
ANTIREUMATOIDE TABLETAS,Cliente 1,2026-07-01,133653.5918769873,23074.47450711458,246789.03735566832
ANTIREUMATOIDE TABLETAS,Cliente 1,2026-08-01,177760.62973585317,74893.93139705506,292339.51067666186
ANTIREUMATOIDE TABLETAS,Cliente 1,2026-09-01,186334.64494455865,65967.06512790851,301683.9123180971
ANTIREUMATOIDE TABLETAS,Cliente 2,2025-10-01,155435.51188543142,27341.99683811351,274489.9306757916
ANTIREUMATOIDE TABLETAS,Cliente 2,2025-11-01,166767.2314331408,43775.184906828144,289023.0227005797
ANTIREUMATOIDE TABLETAS,Cliente 2,2025-12-01,242886.67142253683,118433.11556504451,369111.66588350746
ANTIREUMATOIDE TABLETAS,Cliente 2,2026-01-01,156827.59186340106,27493.048727180678,287060.08220851485
ANTIREUMATOIDE TABLETAS,Cliente 2,2026-02-01,154113.59056334826,19806.96002160681,271290.1454144963
ANTIREUMATOIDE TABLETAS,Cliente 2,2026-03-01,198603.91341419207,90555.40390593419,327130.1033036611
ANTIREUMATOIDE TABLETAS,Cliente 2,2026-04-01,207340.8173700704,85619.53661275335,324478.5384423027
ANTIREUMATOIDE TABLETAS,Cliente 2,2026-05-01,235083.71794445938,116329.73088729038,357715.06332694896
ANTIREUMATOIDE TABLETAS,Cliente 2,2026-06-01,142693.64942533406,26060.286467635808,272542.4275297425
ANTIREUMATOIDE TABLETAS,Cliente 2,2026-07-01,113229.82599915261,-8808.78660373486,236165.39382331562
ANTIREUMATOIDE TABLETAS,Cliente 2,2026-08-01,175118.52466322423,53854.251912439424,299693.4401083304
ANTIREUMATOIDE TABLETAS,Cliente 2,2026-09-01,142608.10337608377,17046.473413689244,267725.37222212687
ANTIREUMATOIDE TABLETAS,Cliente 3,2025-10-01,191805.88609208388,74532.02260216964,318474.50777554564
ANTIREUMATOIDE TABLETAS,Cliente 3,2025-11-01,67815.7805073065,-54523.87006264844,200835.87542729764
ANTIREUMATOIDE TABLETAS,Cliente 3,2025-12-01,229334.4835889505,98409.33979452882,363948.4123538835
ANTIREUMATOIDE TABLETAS,Cliente 3,2026-01-01,114481.3988020528,-16224.056372175693,243393.53670925478
ANTIREUMATOIDE TABLETAS,Cliente 3,2026-02-01,92360.12038525617,-31836.584972851637,217473.5550775264
ANTIREUMATOIDE TABLETAS,Cliente 3,2026-03-01,72264.26796484993,-48721.31114047278,207035.8209294187
ANTIREUMATOIDE TABLETAS,Cliente 3,2026-04-01,93737.25719080698,-38167.59452107705,218377.6292578877
ANTIREUMATOIDE TABLETAS,Cliente 3,2026-05-01,80430.87909048503,-41256.72166024919,200453.2339729672
ANTIREUMATOIDE TABLETAS,Cliente 3,2026-06-01,182395.18609389587,58502.0786904878,305423.2834898614
ANTIREUMATOIDE TABLETAS,Cliente 3,2026-07-01,75376.75474954258,-57564.120367683296,195984.35011905013
ANTIREUMATOIDE TABLETAS,Cliente 3,2026-08-01,76668.36003720107,-56147.8101727582,195274.84745553992
ANTIREUMATOIDE TABLETAS,Cliente 3,2026-09-01,121746.01605770002,-3124.779408606935,246536.74664463842
ANTIREUMATOIDE TABLETAS,Cliente 5,2025-10-01,8831.35637171419,-62058.0971986341,78485.7375221102
ANTIREUMATOIDE TABLETAS,Cliente 5,2025-11-01,9557.15990689099,-58958.19386060453,78492.09974713119
ANTIREUMATOIDE TABLETAS,Cliente 5,2025-12-01,72523.99299886149,1332.1460810484587,137250.27386372501
ANTIREUMATOIDE TABLETAS,Cliente 5,2026-01-01,-6176.5775984669535,-72629.6834349863,63489.37943138251
ANTIREUMATOIDE TABLETAS,Cliente 5,2026-02-01,11174.002814254254,-56317.32159420228,74103.41852368476
ANTIREUMATOIDE TABLETAS,Cliente 5,2026-03-01,-8713.925780523074,-77902.23510090221,64297.24473286988
ANTIREUMATOIDE TABLETAS,Cliente 5,2026-04-01,-24388.07885786328,-90922.97692404261,45166.385110590556
ANTIREUMATOIDE TABLETAS,Cliente 5,2026-05-01,62390.747252668334,-5692.649770464355,131238.80892098462
ANTIREUMATOIDE TABLETAS,Cliente 5,2026-06-01,76585.238615125,11966.410683292033,152226.88103814615
ANTIREUMATOIDE TABLETAS,Cliente 5,2026-07-01,-18370.565082088444,-86573.07079702002,46712.71658429758
ANTIREUMATOIDE TABLETAS,Cliente 5,2026-08-01,-23489.501439724645,-89707.07312063352,45797.304009012565
ANTIREUMATOIDE TABLETAS,Cliente 5,2026-09-01,-5833.688045441424,-78549.13016654996,67684.18904609671
ANTIREUMATOIDE TABLETAS,Cliente Otros,2025-10-01,69763.87767184532,-40848.678451375934,178797.08217457778
ANTIREUMATOIDE TABLETAS,Cliente Otros,2025-11-01,81352.26259759536,-30225.340229612317,193247.58560658083
ANTIREUMATOIDE TABLETAS,Cliente Otros,2025-12-01,78469.7256135953,-38379.30266123475,177342.15714491336
ANTIREUMATOIDE TABLETAS,Cliente Otros,2026-01-01,137258.89663187898,22692.438005312404,252983.12142700568
ANTIREUMATOIDE TABLETAS,Cliente Otros,2026-02-01,131587.6405866985,22883.330533536315,251777.5146893105
ANTIREUMATOIDE TABLETAS,Cliente Otros,2026-03-01,76537.18950386801,-39189.286556226194,185498.74307752965
ANTIREUMATOIDE TABLETAS,Cliente Otros,2026-04-01,54214.18778919591,-51461.13878897508,176167.12471245497
ANTIREUMATOIDE TABLETAS,Cliente Otros,2026-05-01,58827.22922399952,-54851.706033030416,174291.09840289972
ANTIREUMATOIDE TABLETAS,Cliente Otros,2026-06-01,72141.78772354891,-40319.997604714976,179476.61465434646
ANTIREUMATOIDE TABLETAS,Cliente Otros,2026-07-01,56264.99633521425,-48767.67127034172,176112.8773810664
ANTIREUMATOIDE TABLETAS,Cliente Otros,2026-08-01,31869.627795283122,-78606.7437477824,148762.6756508092
ANTIREUMATOIDE TABLETAS,Cliente Otros,2026-09-01,31134.754229066122,-70336.19059432493,140901.03709966334
DESCONGESTIONANTE SOLUCION NASAL ADULTO,Cliente 1,2025-10-01,289295.07591257436,121438.51012987866,463482.96265370987
DESCONGESTIONANTE SOLUCION NASAL ADULTO,Cliente 1,2025-11-01,343355.6477201393,181342.01579528706,508926.3634511659
DESCONGESTIONANTE SOLUCION NASAL ADULTO,Cliente 1,2025-12-01,343138.3185376804,186864.90567980785,508623.93592143385
DESCONGESTIONANTE SOLUCION NASAL ADULTO,Cliente 1,2026-01-01,348972.42571885296,177957.98992192172,529145.4732811039
DESCONGESTIONANTE SOLUCION NASAL ADULTO,Cliente 1,2026-02-01,352285.6186868928,177624.8820669078,509814.04094360874
DESCONGESTIONANTE SOLUCION NASAL ADULTO,Cliente 1,2026-03-01,379798.87874105194,207875.28520085214,548133.9134380278
DESCONGESTIONANTE SOLUCION NASAL ADULTO,Cliente 1,2026-04-01,396200.2387406811,232144.3510341021,561687.873294357
DESCONGESTIONANTE SOLUCION NASAL ADULTO,Cliente 1,2026-05-01,329307.8567721232,169706.41409373516,500043.6813676811
DESCONGESTIONANTE SOLUCION NASAL ADULTO,Cliente 1,2026-06-01,309953.67505981366,150678.71246013077,483610.71876818454
DESCONGESTIONANTE SOLUCION NASAL ADULTO,Cliente 1,2026-07-01,318903.5810350941,162567.41653848422,496000.21190840064
DESCONGESTIONANTE SOLUCION NASAL ADULTO,Cliente 1,2026-08-01,302366.12174492696,136945.5931342954,459188.6565672704
DESCONGESTIONANTE SOLUCION NASAL ADULTO,Cliente 1,2026-09-01,283407.59480024036,122843.65923978378,449840.00575997605
DESCONGESTIONANTE SOLUCION NASAL ADULTO,Cliente 2,2025-10-01,167314.28242989042,62558.93024622361,273749.2707987864
DESCONGESTIONANTE SOLUCION NASAL ADULTO,Cliente 2,2025-11-01,111674.2823814727,6719.995133583608,226439.9597110024
DESCONGESTIONANTE SOLUCION NASAL ADULTO,Cliente 2,2025-12-01,167196.8213354417,59480.664238570746,281821.70222642645
DESCONGESTIONANTE SOLUCION NASAL ADULTO,Cliente 2,2026-01-01,234143.96055610274,116706.24882189251,342306.29968298407
DESCONGESTIONANTE SOLUCION NASAL ADULTO,Cliente 2,2026-02-01,96330.39361291353,-12217.088560041719,211415.00209115745
DESCONGESTIONANTE SOLUCION NASAL ADULTO,Cliente 2,2026-03-01,225504.6109851707,127635.23795520516,341473.90053218824
DESCONGESTIONANTE SOLUCION NASAL ADULTO,Cliente 2,2026-04-01,230144.6557219833,122679.4968123332,332511.80550522
DESCONGESTIONANTE SOLUCION NASAL ADULTO,Cliente 2,2026-05-01,108265.06497995093,482.040526042588,220025.39211514633
DESCONGESTIONANTE SOLUCION NASAL ADULTO,Cliente 2,2026-06-01,104605.19097580801,-336.075555596246,210363.32601444694
DESCONGESTIONANTE SOLUCION NASAL ADULTO,Cliente 2,2026-07-01,108740.29128702595,-4232.463616069727,224407.33229662012
DESCONGESTIONANTE SOLUCION NASAL ADULTO,Cliente 2,2026-08-01,101357.3606345673,698.5834414914373,213519.87243953597
DESCONGESTIONANTE SOLUCION NASAL ADULTO,Cliente 2,2026-09-01,132183.510534945,32852.74279159083,247585.40271350025
DESCONGESTIONANTE SOLUCION NASAL ADULTO,Cliente 3,2025-10-01,206656.04002987104,37609.55167627851,379652.50544237794
DESCONGESTIONANTE SOLUCION NASAL ADULTO,Cliente 3,2025-11-01,158804.83518563356,-11036.118287458128,350469.05268838815
DESCONGESTIONANTE SOLUCION NASAL ADULTO,Cliente 3,2025-12-01,167297.2829974908,-10107.845041752078,360233.9143616748
DESCONGESTIONANTE SOLUCION NASAL ADULTO,Cliente 3,2026-01-01,300539.33853650396,130779.54451755335,474386.39732266526
DESCONGESTIONANTE SOLUCION NASAL ADULTO,Cliente 3,2026-02-01,106650.22255781488,-87636.04790368566,289564.47783339047
DESCONGESTIONANTE SOLUCION NASAL ADULTO,Cliente 3,2026-03-01,245183.45485885596,66305.0341044378,435911.61482854973
DESCONGESTIONANTE SOLUCION NASAL ADULTO,Cliente 3,2026-04-01,300310.6312336691,130672.0166935605,496820.34161878284
DESCONGESTIONANTE SOLUCION NASAL ADULTO,Cliente 3,2026-05-01,59105.21337815352,-110589.52646866137,236446.1060971042
DESCONGESTIONANTE SOLUCION NASAL ADULTO,Cliente 3,2026-06-01,146387.36020560205,-35393.33034303306,316354.70708011114
DESCONGESTIONANTE SOLUCION NASAL ADULTO,Cliente 3,2026-07-01,179078.8936245202,-6631.012530129312,356685.90757706226
DESCONGESTIONANTE SOLUCION NASAL ADULTO,Cliente 3,2026-08-01,96626.22650618045,-82491.78317848203,274063.4603628663
DESCONGESTIONANTE SOLUCION NASAL ADULTO,Cliente 3,2026-09-01,172621.23775410527,-8431.054839367735,352204.54053738515
DESCONGESTIONANTE SOLUCION NASAL ADULTO,Cliente 5,2025-10-01,64592.67002072969,10779.058306754072,121591.5555229065
DESCONGESTIONANTE SOLUCION NASAL ADULTO,Cliente 5,2025-11-01,120766.29891069609,64720.67343126644,177088.72645933862
DESCONGESTIONANTE SOLUCION NASAL ADULTO,Cliente 5,2025-12-01,70509.08222842256,18905.44652370986,123728.65483059108
DESCONGESTIONANTE SOLUCION NASAL ADULTO,Cliente 5,2026-01-01,109759.55988126507,58768.39065894206,164970.48798858892
DESCONGESTIONANTE SOLUCION NASAL ADULTO,Cliente 5,2026-02-01,75867.02580485749,21097.91915973601,132281.5389854277
DESCONGESTIONANTE SOLUCION NASAL ADULTO,Cliente 5,2026-03-01,76821.84696124088,24519.504554137024,134637.85376025536
DESCONGESTIONANTE SOLUCION NASAL ADULTO,Cliente 5,2026-04-01,71722.32070550925,17684.624883078282,126291.48605914791
DESCONGESTIONANTE SOLUCION NASAL ADULTO,Cliente 5,2026-05-01,86015.02032725036,33433.58154234453,137508.15576386245
DESCONGESTIONANTE SOLUCION NASAL ADULTO,Cliente 5,2026-06-01,42704.34357980921,-11242.04229602899,95103.14788732897
DESCONGESTIONANTE SOLUCION NASAL ADULTO,Cliente 5,2026-07-01,68076.71549273797,16019.98303985446,120653.56527322142
DESCONGESTIONANTE SOLUCION NASAL ADULTO,Cliente 5,2026-08-01,87086.67035825964,33673.63145061735,145883.47519126363
DESCONGESTIONANTE SOLUCION NASAL ADULTO,Cliente 5,2026-09-01,69780.36139545601,13270.054216458471,126911.44514297109
DESCONGESTIONANTE SOLUCION NASAL ADULTO,Cliente Otros,2025-10-01,116939.86691706463,57624.173512525056,171363.64633679387
DESCONGESTIONANTE SOLUCION NASAL ADULTO,Cliente Otros,2025-11-01,133010.29920931143,69391.43412838817,195265.61493186152
DESCONGESTIONANTE SOLUCION NASAL ADULTO,Cliente Otros,2025-12-01,97026.80357482172,39930.90480695012,159092.01701178472
DESCONGESTIONANTE SOLUCION NASAL ADULTO,Cliente Otros,2026-01-01,190871.76009676978,132804.06291881812,248922.94223715042
DESCONGESTIONANTE SOLUCION NASAL ADULTO,Cliente Otros,2026-02-01,120917.75354072367,61077.34367868468,176891.00469924725
DESCONGESTIONANTE SOLUCION NASAL ADULTO,Cliente Otros,2026-03-01,113279.96702373194,50855.50779203725,175428.4603160509
DESCONGESTIONANTE SOLUCION NASAL ADULTO,Cliente Otros,2026-04-01,119843.36206495498,61640.59317571222,180862.42064880373
DESCONGESTIONANTE SOLUCION NASAL ADULTO,Cliente Otros,2026-05-01,97755.49874802501,38872.36876237828,162069.3293481491
DESCONGESTIONANTE SOLUCION NASAL ADULTO,Cliente Otros,2026-06-01,113858.36613387728,47513.307861771915,173961.0801094962
DESCONGESTIONANTE SOLUCION NASAL ADULTO,Cliente Otros,2026-07-01,65645.75988508233,6357.094992895751,123939.25420409741
DESCONGESTIONANTE SOLUCION NASAL ADULTO,Cliente Otros,2026-08-01,96798.64046659901,32022.684226774916,159448.72276853304
DESCONGESTIONANTE SOLUCION NASAL ADULTO,Cliente Otros,2026-09-01,102881.58797610836,41138.2012412169,166877.8616463908
